Sl no.,Phone no.
1,'+61-862-230-733

2,'+61-850-887-384

3,'+61-666-047-412

4,'+61-654-473-752

5,'+61-786-302-772

6,'+61-725-604-123

7,'+61-683-886-415

8,'+61-622-027-674

9,'+61-673-053-804

10,'+61-626-001-265

11,'+61-605-801-463

12,'+61-824-782-314

13,'+61-681-843-788

14,'+61-753-611-628

15,'+61-623-087-537

16,'+61-834-722-425

17,'+61-827-461-412

18,'+61-705-682-185

19,'+61-756-635-470

20,'+61-740-843-233

21,'+61-708-830-268

22,'+61-880-808-417

23,'+61-742-562-277

24,'+61-887-470-714

25,'+61-734-832-808

26,'+61-631-283-130

27,'+61-631-260-661

28,'+61-861-265-425

29,'+61-854-136-755

30,'+61-628-028-445

31,'+61-661-446-551

32,'+61-701-686-868

33,'+61-733-210-640

34,'+61-832-516-265

35,'+61-888-434-146

36,'+61-685-770-551

37,'+61-827-713-115

38,'+61-888-372-541

39,'+61-757-744-075

40,'+61-733-164-271

41,'+61-718-536-460

42,'+61-614-684-538

43,'+61-846-034-688

44,'+61-731-481-326

45,'+61-786-410-803

46,'+61-875-540-486

47,'+61-776-560-343

48,'+61-620-435-318

49,'+61-780-353-066

50,'+61-623-545-000

51,'+61-602-341-854

52,'+61-833-585-326

53,'+61-856-070-873

54,'+61-722-430-631

55,'+61-636-121-004

56,'+61-755-843-746

57,'+61-765-123-487

58,'+61-754-668-871

59,'+61-835-706-526

60,'+61-857-405-857

61,'+61-876-032-106

62,'+61-865-861-473

63,'+61-736-808-015

64,'+61-730-454-422

65,'+61-804-638-351

66,'+61-688-875-187

67,'+61-885-213-354

68,'+61-746-407-468

69,'+61-857-736-743

70,'+61-726-372-260

71,'+61-867-725-257

72,'+61-702-622-110

73,'+61-774-521-556

74,'+61-781-455-042

75,'+61-876-346-563

76,'+61-736-740-043

77,'+61-718-042-832

78,'+61-640-304-500

79,'+61-636-485-282

80,'+61-746-363-230

81,'+61-878-714-023

82,'+61-832-458-216

83,'+61-622-515-005

84,'+61-700-154-621

85,'+61-600-562-160

86,'+61-672-124-173

87,'+61-761-557-771

88,'+61-825-607-408

89,'+61-617-233-764

90,'+61-858-155-665

91,'+61-685-682-448

92,'+61-787-831-701

93,'+61-856-240-858

94,'+61-685-252-440

95,'+61-856-815-533

96,'+61-677-765-681

97,'+61-825-726-178

98,'+61-642-477-875

99,'+61-787-728-556

100,'+61-637-327-137

101,'+61-812-233-538

102,'+61-852-206-468

103,'+61-650-753-517

104,'+61-871-827-888

105,'+61-612-124-605

106,'+61-750-276-341

107,'+61-616-282-600

108,'+61-767-763-264

109,'+61-861-623-101

110,'+61-723-767-062

111,'+61-717-107-148

112,'+61-820-150-847

113,'+61-883-705-314

114,'+61-785-553-456

115,'+61-818-506-565

116,'+61-608-631-337

117,'+61-612-850-005

118,'+61-777-072-058

119,'+61-840-563-206

120,'+61-684-308-611

121,'+61-658-268-382

122,'+61-617-216-617

123,'+61-730-804-101

124,'+61-853-808-247

125,'+61-863-871-082

126,'+61-825-458-456

127,'+61-801-083-158

128,'+61-620-838-557

129,'+61-620-645-512

130,'+61-860-280-380

131,'+61-687-643-183

132,'+61-666-278-601

133,'+61-844-165-453

134,'+61-742-132-361

135,'+61-730-276-664

136,'+61-622-667-126

137,'+61-753-018-042

138,'+61-864-812-222

139,'+61-687-268-002

140,'+61-821-403-253

141,'+61-680-575-178

142,'+61-824-417-163

143,'+61-802-637-647

144,'+61-873-054-405

145,'+61-832-677-727

146,'+61-686-105-606

147,'+61-852-627-468

148,'+61-645-800-770

149,'+61-857-431-133

150,'+61-660-670-551

151,'+61-710-807-822

152,'+61-863-084-605

153,'+61-653-787-148

154,'+61-746-554-538

155,'+61-666-573-307

156,'+61-783-222-224

157,'+61-632-765-424

158,'+61-608-370-832

159,'+61-750-387-421

160,'+61-665-702-842

161,'+61-871-674-688

162,'+61-740-240-156

163,'+61-640-532-325

164,'+61-681-560-875

165,'+61-666-153-702

166,'+61-703-435-248

167,'+61-603-787-643

168,'+61-781-007-236

169,'+61-642-055-714

170,'+61-874-682-513

171,'+61-703-806-847

172,'+61-771-587-617

173,'+61-782-814-376

174,'+61-825-573-588

175,'+61-672-804-646

176,'+61-854-005-266

177,'+61-821-527-612

178,'+61-837-183-108

179,'+61-704-688-300

180,'+61-667-333-075

181,'+61-745-102-158

182,'+61-610-452-422

183,'+61-658-652-530

184,'+61-774-715-377

185,'+61-683-858-511

186,'+61-854-467-070

187,'+61-850-340-543

188,'+61-785-378-531

189,'+61-676-520-517

190,'+61-771-257-160

191,'+61-664-307-842

192,'+61-877-884-733

193,'+61-702-043-116

194,'+61-731-084-327

195,'+61-830-802-546

196,'+61-743-483-314

197,'+61-834-784-811

198,'+61-626-774-650

199,'+61-850-242-854

200,'+61-658-632-410

201,'+61-752-005-481

202,'+61-616-254-547

203,'+61-785-732-305

204,'+61-650-682-781

205,'+61-830-634-326

206,'+61-700-347-222

207,'+61-778-717-225

208,'+61-651-643-357

209,'+61-713-523-210

210,'+61-670-634-664

211,'+61-703-373-534

212,'+61-642-434-077

213,'+61-831-532-568

214,'+61-718-527-223

215,'+61-676-003-474

216,'+61-735-736-888

217,'+61-632-147-633

218,'+61-776-038-847

219,'+61-802-346-064

220,'+61-643-727-023

221,'+61-714-384-667

222,'+61-663-017-638

223,'+61-885-613-072

224,'+61-674-843-015

225,'+61-708-063-552

226,'+61-702-535-443

227,'+61-883-576-855

228,'+61-718-471-636

229,'+61-640-704-375

230,'+61-628-355-828

231,'+61-761-145-151

232,'+61-830-378-417

233,'+61-772-188-700

234,'+61-673-521-541

235,'+61-633-832-702

236,'+61-715-301-368

237,'+61-874-554-207

238,'+61-863-140-078

239,'+61-746-640-046

240,'+61-675-445-566

241,'+61-781-662-824

242,'+61-725-025-568

243,'+61-646-086-747

244,'+61-714-308-558

245,'+61-870-184-851

246,'+61-755-318-447

247,'+61-611-767-448

248,'+61-655-247-786

249,'+61-704-564-124

250,'+61-784-643-781

251,'+61-702-806-322

252,'+61-660-385-046

253,'+61-761-623-005

254,'+61-862-286-664

255,'+61-871-527-815

256,'+61-675-172-657

257,'+61-605-774-853

258,'+61-717-567-531

259,'+61-883-243-571

260,'+61-642-881-875

261,'+61-725-543-417

262,'+61-617-302-670

263,'+61-681-787-068

264,'+61-628-252-176

265,'+61-803-332-283

266,'+61-824-566-608

267,'+61-625-757-135

268,'+61-745-717-137

269,'+61-736-317-656

270,'+61-614-382-477

271,'+61-702-617-774

272,'+61-725-347-041

273,'+61-805-846-040

274,'+61-862-472-848

275,'+61-643-535-431

276,'+61-687-756-670

277,'+61-702-845-877

278,'+61-738-577-873

279,'+61-852-583-844

280,'+61-813-343-466

281,'+61-734-466-186

282,'+61-775-784-870

283,'+61-801-323-662

284,'+61-866-382-408

285,'+61-811-305-610

286,'+61-655-631-110

287,'+61-673-131-051

288,'+61-885-201-537

289,'+61-703-786-887

290,'+61-751-470-556

291,'+61-732-376-383

292,'+61-636-308-330

293,'+61-707-235-611

294,'+61-840-617-753

295,'+61-635-057-187

296,'+61-824-834-138

297,'+61-866-161-267

298,'+61-687-118-875

299,'+61-877-778-018

300,'+61-658-241-043

301,'+61-766-073-405

302,'+61-632-312-604

303,'+61-848-331-078

304,'+61-676-276-131

305,'+61-877-638-380

306,'+61-734-422-236

307,'+61-740-014-600

308,'+61-866-687-201

309,'+61-640-417-164

310,'+61-747-528-336

311,'+61-712-134-572

312,'+61-831-408-038

313,'+61-602-412-807

314,'+61-837-402-200

315,'+61-886-776-520

316,'+61-710-435-211

317,'+61-874-063-608

318,'+61-873-875-361

319,'+61-827-783-522

320,'+61-813-805-183

321,'+61-683-748-016

322,'+61-752-485-152

323,'+61-862-625-122

324,'+61-838-276-884

325,'+61-610-303-032

326,'+61-703-133-036

327,'+61-683-356-803

328,'+61-637-745-142

329,'+61-710-066-318

330,'+61-612-574-447

331,'+61-624-404-636

332,'+61-664-777-817

333,'+61-885-354-324

334,'+61-834-052-146

335,'+61-752-126-566

336,'+61-612-844-568

337,'+61-652-448-878

338,'+61-687-650-707

339,'+61-701-771-311

340,'+61-816-473-071

341,'+61-676-587-508

342,'+61-755-205-405

343,'+61-806-271-025

344,'+61-661-768-521

345,'+61-605-131-800

346,'+61-831-585-565

347,'+61-675-500-132

348,'+61-765-606-788

349,'+61-875-474-630

350,'+61-773-268-353

351,'+61-844-204-565

352,'+61-637-524-048

353,'+61-880-304-422

354,'+61-852-648-236

355,'+61-684-014-448

356,'+61-634-420-025

357,'+61-834-036-116

358,'+61-754-508-712

359,'+61-860-433-804

360,'+61-861-527-680

361,'+61-804-614-647

362,'+61-758-234-386

363,'+61-723-408-787

364,'+61-783-320-282

365,'+61-847-405-518

366,'+61-867-673-304

367,'+61-600-323-486

368,'+61-611-503-365

369,'+61-657-487-261

370,'+61-812-007-823

371,'+61-620-254-784

372,'+61-837-064-368

373,'+61-670-206-333

374,'+61-641-613-378

375,'+61-822-543-515

376,'+61-683-848-151

377,'+61-665-838-808

378,'+61-717-657-524

379,'+61-783-602-733

380,'+61-641-152-620

381,'+61-783-645-017

382,'+61-600-557-674

383,'+61-646-231-320

384,'+61-855-113-138

385,'+61-885-711-131

386,'+61-637-460-283

387,'+61-600-556-370

388,'+61-781-223-218

389,'+61-715-710-587

390,'+61-618-422-161

391,'+61-673-442-621

392,'+61-645-316-374

393,'+61-812-212-347

394,'+61-742-012-845

395,'+61-786-657-062

396,'+61-637-866-521

397,'+61-761-330-224

398,'+61-704-814-521

399,'+61-638-321-142

400,'+61-608-532-307

401,'+61-737-128-560

402,'+61-821-630-274

403,'+61-852-674-036

404,'+61-742-733-281

405,'+61-654-222-544

406,'+61-848-267-464

407,'+61-823-527-430

408,'+61-608-250-755

409,'+61-760-718-728

410,'+61-667-831-775

411,'+61-774-022-427

412,'+61-844-887-227

413,'+61-744-367-084

414,'+61-648-355-076

415,'+61-676-226-463

416,'+61-646-230-324

417,'+61-744-720-583

418,'+61-707-656-350

419,'+61-766-367-826

420,'+61-664-720-868

421,'+61-865-766-031

422,'+61-856-582-313

423,'+61-675-864-217

424,'+61-721-480-643

425,'+61-614-588-721

426,'+61-678-625-568

427,'+61-666-523-886

428,'+61-887-562-275

429,'+61-804-885-670

430,'+61-853-144-067

431,'+61-827-374-527

432,'+61-602-841-050

433,'+61-818-807-472

434,'+61-875-467-154

435,'+61-873-561-382

436,'+61-787-805-414

437,'+61-856-575-662

438,'+61-686-162-706

439,'+61-705-670-427

440,'+61-778-718-586

441,'+61-818-888-465

442,'+61-671-628-650

443,'+61-802-220-247

444,'+61-854-284-342

445,'+61-742-674-622

446,'+61-807-315-870

447,'+61-645-586-765

448,'+61-777-877-262

449,'+61-665-205-486

450,'+61-817-500-351

451,'+61-775-647-055

452,'+61-801-313-517

453,'+61-753-253-622

454,'+61-604-837-624

455,'+61-678-236-850

456,'+61-758-176-233

457,'+61-883-167-208

458,'+61-601-052-210

459,'+61-778-346-385

460,'+61-877-755-031

461,'+61-626-770-540

462,'+61-631-400-130

463,'+61-747-231-468

464,'+61-866-471-352

465,'+61-880-212-425

466,'+61-671-668-143

467,'+61-630-631-331

468,'+61-730-678-161

469,'+61-733-885-350

470,'+61-658-236-435

471,'+61-616-487-730

472,'+61-663-852-874

473,'+61-863-001-808

474,'+61-845-710-401

475,'+61-665-783-582

476,'+61-714-523-631

477,'+61-816-034-271

478,'+61-783-845-730

479,'+61-750-821-163

480,'+61-710-808-664

481,'+61-850-782-287

482,'+61-622-837-854

483,'+61-671-204-641

484,'+61-600-871-632

485,'+61-751-117-228

486,'+61-805-232-827

487,'+61-883-551-454

488,'+61-763-085-727

489,'+61-661-556-783

490,'+61-715-747-587

491,'+61-646-866-737

492,'+61-832-317-475

493,'+61-658-364-456

494,'+61-815-864-667

495,'+61-718-782-047

496,'+61-630-136-126

497,'+61-680-187-275

498,'+61-648-620-354

499,'+61-671-645-803

500,'+61-647-373-450

501,'+61-875-567-801

502,'+61-671-362-157

503,'+61-822-733-536

504,'+61-884-850-054

505,'+61-664-323-415

506,'+61-684-814-477

507,'+61-845-655-600

508,'+61-823-603-426

509,'+61-763-388-558

510,'+61-621-341-577

511,'+61-880-681-371

512,'+61-800-524-062

513,'+61-607-765-634

514,'+61-624-280-708

515,'+61-704-665-807

516,'+61-683-355-345

517,'+61-674-108-074

518,'+61-671-764-225

519,'+61-682-305-338

520,'+61-846-673-585

521,'+61-836-357-516

522,'+61-657-664-126

523,'+61-662-376-317

524,'+61-821-356-151

525,'+61-687-600-236

526,'+61-835-877-884

527,'+61-638-346-640

528,'+61-728-274-204

529,'+61-744-535-584

530,'+61-643-288-447

531,'+61-702-803-285

532,'+61-835-457-516

533,'+61-855-540-572

534,'+61-611-167-542

535,'+61-778-550-434

536,'+61-641-835-751

537,'+61-806-674-457

538,'+61-750-660-101

539,'+61-838-258-618

540,'+61-874-063-686

541,'+61-862-574-865

542,'+61-624-221-615

543,'+61-838-867-667

544,'+61-746-072-508

545,'+61-851-762-040

546,'+61-748-446-683

547,'+61-813-105-474

548,'+61-830-152-471

549,'+61-767-770-554

550,'+61-643-371-160

551,'+61-857-417-832

552,'+61-662-436-504

553,'+61-800-112-170

554,'+61-763-366-543

555,'+61-708-440-751

556,'+61-726-556-161

557,'+61-648-108-688

558,'+61-737-573-023

559,'+61-856-557-104

560,'+61-626-850-737

561,'+61-748-180-481

562,'+61-671-303-405

563,'+61-816-615-725

564,'+61-623-777-881

565,'+61-603-212-836

566,'+61-747-257-515

567,'+61-882-147-114

568,'+61-866-838-850

569,'+61-823-143-734

570,'+61-846-002-654

571,'+61-684-450-766

572,'+61-781-055-067

573,'+61-746-722-145

574,'+61-753-057-668

575,'+61-688-087-734

576,'+61-787-171-215

577,'+61-814-463-025

578,'+61-755-425-324

579,'+61-707-328-531

580,'+61-865-370-468

581,'+61-817-232-433

582,'+61-780-015-504

583,'+61-615-201-322

584,'+61-603-850-430

585,'+61-761-486-783

586,'+61-770-244-527

587,'+61-823-056-106

588,'+61-673-417-684

589,'+61-807-375-660

590,'+61-802-405-112

591,'+61-788-012-141

592,'+61-883-131-187

593,'+61-618-084-443

594,'+61-777-246-787

595,'+61-766-302-773

596,'+61-864-244-715

597,'+61-848-454-717

598,'+61-655-118-604

599,'+61-857-620-701

600,'+61-771-250-656

601,'+61-646-136-657

602,'+61-722-843-051

603,'+61-846-570-546

604,'+61-720-136-352

605,'+61-630-323-687

606,'+61-768-766-777

607,'+61-706-676-452

608,'+61-740-146-728

609,'+61-882-362-123

610,'+61-753-180-845

611,'+61-781-032-685

612,'+61-645-433-153

613,'+61-736-480-226

614,'+61-817-210-463

615,'+61-868-584-308

616,'+61-622-215-604

617,'+61-705-507-141

618,'+61-626-888-572

619,'+61-625-503-845

620,'+61-755-872-306

621,'+61-834-513-722

622,'+61-837-117-317

623,'+61-847-756-273

624,'+61-750-618-433

625,'+61-757-026-223

626,'+61-865-527-748

627,'+61-880-066-535

628,'+61-786-302-256

629,'+61-650-080-844

630,'+61-787-332-451

631,'+61-758-338-375

632,'+61-630-277-865

633,'+61-765-820-546

634,'+61-750-148-845

635,'+61-823-514-185

636,'+61-735-338-274

637,'+61-667-008-480

638,'+61-787-342-548

639,'+61-821-752-351

640,'+61-643-351-576

641,'+61-758-728-318

642,'+61-876-518-868

643,'+61-817-724-526

644,'+61-825-388-647

645,'+61-726-347-216

646,'+61-764-818-737

647,'+61-804-883-854

648,'+61-654-454-342

649,'+61-788-578-234

650,'+61-620-803-254

651,'+61-674-637-017

652,'+61-878-421-046

653,'+61-848-600-432

654,'+61-714-378-466

655,'+61-738-855-625

656,'+61-717-030-864

657,'+61-871-156-457

658,'+61-702-388-841

659,'+61-770-334-307

660,'+61-858-654-730

661,'+61-608-301-305

662,'+61-814-317-622

663,'+61-664-278-572

664,'+61-815-765-678

665,'+61-756-455-658

666,'+61-848-282-635

667,'+61-740-674-064

668,'+61-758-843-650

669,'+61-605-581-863

670,'+61-785-560-855

671,'+61-863-364-367

672,'+61-736-368-537

673,'+61-612-668-753

674,'+61-726-285-613

675,'+61-625-218-724

676,'+61-646-130-002

677,'+61-674-841-001

678,'+61-705-083-325

679,'+61-626-436-188

680,'+61-645-012-508

681,'+61-637-011-646

682,'+61-604-654-134

683,'+61-670-130-620

684,'+61-870-321-471

685,'+61-704-848-003

686,'+61-673-465-376

687,'+61-700-345-620

688,'+61-781-627-708

689,'+61-880-458-834

690,'+61-765-241-703

691,'+61-662-627-627

692,'+61-871-551-687

693,'+61-837-423-046

694,'+61-646-520-730

695,'+61-828-542-064

696,'+61-617-142-880

697,'+61-686-327-012

698,'+61-721-760-780

699,'+61-757-023-563

700,'+61-606-615-351

701,'+61-711-275-574

702,'+61-733-816-451

703,'+61-888-186-713

704,'+61-874-172-323

705,'+61-647-638-422

706,'+61-817-077-581

707,'+61-837-014-388

708,'+61-736-230-627

709,'+61-644-737-075

710,'+61-662-341-725

711,'+61-663-752-483

712,'+61-812-334-234

713,'+61-806-060-413

714,'+61-654-268-010

715,'+61-825-850-657

716,'+61-802-147-634

717,'+61-775-651-706

718,'+61-763-535-526

719,'+61-628-858-248

720,'+61-623-051-513

721,'+61-712-185-056

722,'+61-622-634-357

723,'+61-613-048-631

724,'+61-612-435-716

725,'+61-676-102-423

726,'+61-655-572-513

727,'+61-627-706-466

728,'+61-620-558-614

729,'+61-747-312-376

730,'+61-732-653-427

731,'+61-743-567-110

732,'+61-664-655-560

733,'+61-650-636-362

734,'+61-761-053-008

735,'+61-625-731-407

736,'+61-822-547-134

737,'+61-833-675-757

738,'+61-856-050-838

739,'+61-764-012-382

740,'+61-604-281-744

741,'+61-775-517-717

742,'+61-631-065-582

743,'+61-753-280-614

744,'+61-780-331-874

745,'+61-716-614-887

746,'+61-737-022-307

747,'+61-617-365-476

748,'+61-644-816-331

749,'+61-853-427-102

750,'+61-614-473-367

751,'+61-878-502-315

752,'+61-834-657-211

753,'+61-708-861-827

754,'+61-772-475-046

755,'+61-746-363-857

756,'+61-682-416-046

757,'+61-644-328-020

758,'+61-814-600-444

759,'+61-757-051-114

760,'+61-611-283-635

761,'+61-626-307-627

762,'+61-877-714-070

763,'+61-873-073-314

764,'+61-878-713-027

765,'+61-854-685-405

766,'+61-824-502-244

767,'+61-857-214-606

768,'+61-615-226-260

769,'+61-760-255-026

770,'+61-710-240-735

771,'+61-707-606-857

772,'+61-847-622-014

773,'+61-832-277-254

774,'+61-864-653-578

775,'+61-680-356-820

776,'+61-757-451-536

777,'+61-725-844-074

778,'+61-631-683-752

779,'+61-803-224-215

780,'+61-701-855-345

781,'+61-618-070-441

782,'+61-715-848-312

783,'+61-858-880-151

784,'+61-684-767-851

785,'+61-761-231-024

786,'+61-665-735-435

787,'+61-606-370-321

788,'+61-876-446-557

789,'+61-605-304-727

790,'+61-708-721-613

791,'+61-682-450-303

792,'+61-614-466-366

793,'+61-771-865-226

794,'+61-886-302-401

795,'+61-760-864-837

796,'+61-628-478-270

797,'+61-746-513-286

798,'+61-701-412-618

799,'+61-821-328-733

800,'+61-638-854-864

801,'+61-768-181-823

802,'+61-811-441-838

803,'+61-882-047-370

804,'+61-711-812-762

805,'+61-665-855-157

806,'+61-701-256-130

807,'+61-612-363-010

808,'+61-637-017-704

809,'+61-670-730-865

810,'+61-652-452-443

811,'+61-721-480-148

812,'+61-728-553-014

813,'+61-653-167-767

814,'+61-856-675-407

815,'+61-748-062-851

816,'+61-844-128-528

817,'+61-884-025-222

818,'+61-818-230-584

819,'+61-783-423-586

820,'+61-774-226-031

821,'+61-741-214-351

822,'+61-626-306-240

823,'+61-721-177-645

824,'+61-780-533-356

825,'+61-787-456-734

826,'+61-834-564-075

827,'+61-648-687-776

828,'+61-765-555-207

829,'+61-670-761-375

830,'+61-601-853-550

831,'+61-646-116-263

832,'+61-748-775-704

833,'+61-640-554-578

834,'+61-686-613-771

835,'+61-852-257-210

836,'+61-681-615-043

837,'+61-834-745-657

838,'+61-803-878-480

839,'+61-730-658-741

840,'+61-617-152-602

841,'+61-866-322-375

842,'+61-860-680-742

843,'+61-610-623-006

844,'+61-652-848-883

845,'+61-623-065-308

846,'+61-881-426-166

847,'+61-761-082-031

848,'+61-764-681-226

849,'+61-644-666-100

850,'+61-747-886-715

851,'+61-821-016-105

852,'+61-741-055-015

853,'+61-615-777-560

854,'+61-732-145-365

855,'+61-672-867-367

856,'+61-615-567-376

857,'+61-803-616-214

858,'+61-885-401-233

859,'+61-728-834-627

860,'+61-741-206-802

861,'+61-601-855-888

862,'+61-812-380-350

863,'+61-708-287-222

864,'+61-838-027-237

865,'+61-678-142-772

866,'+61-776-420-521

867,'+61-734-430-587

868,'+61-732-285-563

869,'+61-727-137-538

870,'+61-708-300-676

871,'+61-726-674-243

872,'+61-714-656-256

873,'+61-751-782-513

874,'+61-764-045-215

875,'+61-762-612-781

876,'+61-858-885-544

877,'+61-855-373-243

878,'+61-674-462-635

879,'+61-866-633-044

880,'+61-737-084-218

881,'+61-638-126-061

882,'+61-715-260-550

883,'+61-841-066-216

884,'+61-715-557-534

885,'+61-858-821-708

886,'+61-806-781-828

887,'+61-750-052-621

888,'+61-614-744-187

889,'+61-817-454-767

890,'+61-673-352-070

891,'+61-780-670-140

892,'+61-631-357-811

893,'+61-821-668-825

894,'+61-756-476-125

895,'+61-650-216-520

896,'+61-832-366-664

897,'+61-751-768-830

898,'+61-826-161-463

899,'+61-605-235-736

900,'+61-602-586-424

901,'+61-646-800-634

902,'+61-647-542-687

903,'+61-602-062-846

904,'+61-803-646-655

905,'+61-641-072-537

906,'+61-836-615-511

907,'+61-664-125-851

908,'+61-651-663-360

909,'+61-866-016-347

910,'+61-844-623-444

911,'+61-611-051-185

912,'+61-805-125-236

913,'+61-788-737-603

914,'+61-678-830-035

915,'+61-863-110-855

916,'+61-815-627-571

917,'+61-827-566-325

918,'+61-656-075-726

919,'+61-614-451-811

920,'+61-667-605-507

921,'+61-706-472-325

922,'+61-722-036-477

923,'+61-726-865-717

924,'+61-805-655-366

925,'+61-842-577-548

926,'+61-733-255-001

927,'+61-812-137-664

928,'+61-742-283-624

929,'+61-615-118-025

930,'+61-721-885-834

931,'+61-813-703-687

932,'+61-663-640-065

933,'+61-727-681-312

934,'+61-683-153-448

935,'+61-761-207-486

936,'+61-604-666-314

937,'+61-621-854-615

938,'+61-755-560-124

939,'+61-640-668-143

940,'+61-632-753-680

941,'+61-845-464-842

942,'+61-605-737-520

943,'+61-771-430-176

944,'+61-714-266-573

945,'+61-833-305-024

946,'+61-831-806-006

947,'+61-631-506-772

948,'+61-653-343-040

949,'+61-641-260-562

950,'+61-811-765-745

951,'+61-758-806-048

952,'+61-826-631-318

953,'+61-705-457-813

954,'+61-774-802-001

955,'+61-851-672-187

956,'+61-806-700-062

957,'+61-853-206-844

958,'+61-860-512-747

959,'+61-732-540-032

960,'+61-822-270-362

961,'+61-880-113-816

962,'+61-821-221-178

963,'+61-665-523-186

964,'+61-818-124-022

965,'+61-643-582-636

966,'+61-751-148-626

967,'+61-762-005-886

968,'+61-767-857-381

969,'+61-614-405-838

970,'+61-746-135-767

971,'+61-626-830-561

972,'+61-685-655-403

973,'+61-654-657-557

974,'+61-674-521-652

975,'+61-864-101-634

976,'+61-778-878-053

977,'+61-645-330-712

978,'+61-840-181-511

979,'+61-864-866-486

980,'+61-861-452-107

981,'+61-726-246-742

982,'+61-741-601-738

983,'+61-747-627-582

984,'+61-760-208-360

985,'+61-740-610-822

986,'+61-747-553-208

987,'+61-862-654-510

988,'+61-871-027-326

989,'+61-730-727-431

990,'+61-865-514-856

991,'+61-888-475-248

992,'+61-702-022-876

993,'+61-684-281-716

994,'+61-865-666-560

995,'+61-874-206-526

996,'+61-701-605-244

997,'+61-802-058-072

998,'+61-730-375-362

999,'+61-800-674-730

1000,'+61-726-138-878

